"","id","children"
"1",0,"1"
"2",0,"3"
"3",1,"5"
"4",2,"7"
"5",2,"8"
"6",3,"7"
"7",3,"8"
"8",4,"6"
"9",5,"16"
"10",6,"11"
"11",6,"13"
"12",7,"11"
"13",7,"13"
"14",8,"16"
"15",8,"17"
"16",8,"18"
"17",9,"16"
"18",9,"17"
"19",9,"18"
"20",10,"20"
"21",11,"20"
"22",11,"21"
"23",12,"21"
"24",13,"24"
"25",13,"25"
"26",14,"24"
"27",14,"25"
"28",15,"27"
"29",16,"27"
"30",18,"29"
"31",19,"29"
"32",21,"31"
"33",22,"31"
"34",23,"33"
"35",23,"34"
"36",24,"33"
"37",24,"34"
"38",25,"35"
"39",26,"35"
"40",27,"36"
"41",28,"36"
"42",29,"37"
"43",30,"37"
"44",31,"44"
"45",32,"39"
"46",33,"39"
"47",34,"41"
"48",35,"42"
"49",36,"42"
"50",37,"44"
"51",38,"47"
"52",39,"47"
"53",40,"48"
"54",41,"48"
"55",42,"51"
"56",43,"51"
"57",44,"52"
"58",45,"52"
"59",46,"53"
"60",47,"53"
"61",47,"54"
"62",48,"57"
"63",49,"57"
"64",51,"58"
"65",52,"58"
"66",53,"60"
"67",56,"62"
"68",57,"62"
"69",58,"63"
"70",58,"64"
"71",59,"67"
"72",59,"68"
"73",60,"67"
"74",60,"68"
"75",61,"70"
"76",62,"70"
"77",63,"71"
"78",64,"73"
"79",65,"73"
"80",66,"74"
"81",67,"74"
"82",68,"76"
"83",69,"76"
"84",70,"78"
"85",71,"78"
"86",72,"80"
"87",73,"80"
"88",74,"81"
"89",74,"82"
"90",75,"84"
"91",76,"84"
"92",77,"85"
"93",78,"85"
"94",79,"88"
"95",80,"88"
"96",81,"89"
"97",82,"90"
"98",83,"91"
"99",84,"91"
"100",85,"94"
"101",86,"94"
"102",87,"96"
"103",87,"97"
"104",88,"96"
"105",88,"97"
"106",89,"98"
"107",90,"99"
"108",91,"101"
"109",92,"101"
"110",93,"102"
"111",94,"102"
"112",95,"104"
"113",96,"104"
"114",97,"116"
"115",98,"107"
"116",99,"108"
"117",99,"109"
"118",100,"110"
"119",101,"110"
"120",102,"112"
"121",103,"112"
"122",104,"114"
"123",105,"114"
"124",107,"116"
"125",108,"??? 118"
"126",108,"119"
"127",108,"122"
"128",108,"123"
"129",113,"125"
"130",114,"125"
"131",115,"136"
"132",117,"126"
"133",117,"127"
"134",117,"128"
"135",117,"129"
"136",117,"130"
"137",118,"126"
"138",118,"127"
"139",118,"128"
"140",118,"129"
"141",118,"130"
"142",119,"131"
"143",119,"132"
"144",119,"133"
"145",120,"131"
"146",120,"132"
"147",120,"133"
"148",121,"134"
"149",122,"134"
"150",123,"135"
"151",124,"135"
